Generator,Time
caesar,0.23841598000000006
almost_same,0.16931478000000005
random,0.3562450200000001
reverse,0.15130993
almost_reverse,0.15830994999999998
