Generator,Time
caesar,0.3281057300000001
almost_same,0.3062737100000001
random,0.35975303999999986
reverse,0.3050831300000001
almost_reverse,0.32273205999999993
