Generator,Time
caesar,1687.0373802600009
almost_same,1541.6301742099995
random,1537.5078131000002
reverse,1544.2477320000003
almost_reverse,1553.4093651999992
