Generator,Time
caesar,0.37870103
almost_same,0.30874640999999986
random,0.3105538300000001
reverse,0.24152264999999995
almost_reverse,0.25469203
