Generator,Time
caesar,0.44273659000000004
almost_same,0.44420172000000013
random,0.5490827999999998
reverse,0.55037123
almost_reverse,0.8875113100000002
