Generator,Time
caesar,2.19868496
almost_same,2.828202620000001
random,0.06113740999999999
reverse,1.3808266100000004
almost_reverse,1.6830998900000003
