Generator,Time
caesar,6.82344869
almost_same,6.3099094800000035
random,16.443168179999997
reverse,18.849655170000002
almost_reverse,18.64571896
