Generator,Time
caesar,0.42741080999999986
almost_same,0.24911294000000012
random,0.24963352999999994
reverse,0.2789696100000002
almost_reverse,0.2471371900000001
