Generator,Time
caesar,3.087424720000001
almost_same,1.7075670999999992
random,0.12950091
reverse,2.3812057699999998
almost_reverse,2.2127903399999993
