Generator,Time
caesar,0.12041299999999999
almost_same,0.0678122
random,0.20904492000000005
reverse,0.07149176999999997
almost_reverse,0.08443868000000004
