Generator,Time
caesar,0.8198340700000002
almost_same,0.7087599099999998
random,0.75338713
reverse,0.7074336800000002
almost_reverse,0.6995481500000004
